<Ui xmlns:xsd="http://www.w3.org/2001/XMLSchema" xmlns:xsi="http://www.w3.org/2001/XMLSchema-instance" xmlns="http://www.blizzard.com/wow/ui/">
	<Script file="Welcome.lua" />
	<!--<Frame name="WelcomeFrame" toplevel="true" movable="true" enableMouse="true" hidden="true" parent="UIParent">
		<Size>
			<AbsDimension x="384" y="512"/>
		</Size>
		<Anchors>
			<Anchor point="TOPLEFT">
				<Offset>
					<AbsDimension x="0" y="0"/>
				</Offset>
			</Anchor>
		</Anchors>
		<Backdrop bgFile="Interface\DialogFrame\UI-DialogBox-Background" edgeFile="Interface\DialogFrame\UI-DialogBox-Border">
			<BackgroundInsets>
				<AbsInset left="10" right="10" top="10" bottom="10" />
			</BackgroundInsets>
			<EdgeSize val="30" />
		</Backdrop>
		<Layers>
			<Layer level="ARTWORK">
				<Texture name="$parentTopLeft" file="Interface\Spellbook\UI-SpellbookPanel-TopLeft">
					<Size>
						<AbsDimension x="256" y="256"/>
					</Size>
					<Anchors>
						<Anchor point="TOPLEFT"/>
					</Anchors>
				</Texture>
				<Texture name="$parentTopRight" file="Interface\Spellbook\UI-SpellbookPanel-TopRight">
					<Size>
						<AbsDimension x="128" y="256"/>
					</Size>
					<Anchors>
						<Anchor point="TOPRIGHT"/>
					</Anchors>
				</Texture>
				<Texture name="$parentBotLeft" file="Interface\Spellbook\UI-SpellbookPanel-BotLeft">
					<Size>
						<AbsDimension x="256" y="256"/>
					</Size>
					<Anchors>
						<Anchor point="BOTTOMLEFT"/>
					</Anchors>
				</Texture>
				<Texture name="$parentBotRight" file="Interface\Spellbook\UI-SpellbookPanel-BotRight">
					<Size>
						<AbsDimension x="128" y="256"/>
					</Size>
					<Anchors>
						<Anchor point="BOTTOMRIGHT"/>
					</Anchors>
				</Texture>
				<FontString name="SpellBookTitleText" inherits="GameFontNormal" text="SPELLBOOK">
					<Anchors>
						<Anchor point="CENTER">
							<Offset>
								<AbsDimension x="6" y="230"/>
							</Offset>
						</Anchor>
					</Anchors>
				</FontString>
				<FontString name="SpellBookPageText" inherits="GameFontNormal">
					<Size>
						<AbsDimension x="102" y="0"/>
					</Size>
					<Anchors>
						<Anchor point="BOTTOM">
							<Offset>
								<AbsDimension x="-14" y="96"/>
							</Offset>
						</Anchor>
					</Anchors>
				</FontString>
			</Layer>
		</Layers>
		<Frames>
			<Button name="classic" inherits="UIPanelButtonTemplate" text="Стандартное прохождение">
				<Size x="70" y="25" />
				<Anchors>
					<Anchor x="90" y="-111" point="TOPLEFT" />
				</Anchors>
				<Scripts>
					<OnClick>
						classic_button_OnClick()
					</OnClick>
				</Scripts>
			</Button>
			<Button name="new" inherits="UIPanelButtonTemplate" text="Новое испытание">
				<Size x="70" y="25" />
				<Anchors>
					<Anchor x="14" y="-18" point="TOPLEFT" />
				</Anchors>
				<Scripts>
					<OnClick>
						new_button_OnClick()
					</OnClick>
				</Scripts>
			</Button>
		</Frames>
	</Frame>-->
	<!--<Frame name="ListenFrame" inherits="BackdropTemplate">
	</Frame>-->
	<Frame name="WelcomeFrame" inherits="BackdropTemplate" movable="false" toplevel="true" frameStrata="DIALOG">
		<Size x="600" y="600" />
		<Anchors>
			<Anchor x="0" y="0" point="CENTER" />
		</Anchors>

		<Layers>
			<Layer level="BACKGROUND">
				<Texture name="BackCenter" file="Interface\DialogFrame\UI-DialogBox-Background">
					<Size>
						<AbsDimension x="2048" y="1024"/>
					</Size>
					<Anchors>
						<Anchor point="CENTER"/>
					</Anchors>
				</Texture>
			</Layer>
			<Layer level="ARTWORK">
				<Texture name="BackCenter" file="Interface\DialogFrame\choosestartframe">
					<Size>
						<AbsDimension x="1024" y="1024"/>
					</Size>
					<Anchors>
						<Anchor point="CENTER"/>
					</Anchors>
				</Texture>
			</Layer>
			<Layer level="OVERLAY">
				<Texture name="PicLeft" file="Interface\DialogFrame\choostwopics">
					<TexCoords left="0" right="1" top="0.5" bottom="1" />
					<Size>
						<AbsDimension x="256" y="128"/>
					</Size>
					<Anchors>
						<Anchor x="15" y="-110" point="TOPLEFT"/>
					</Anchors>
				</Texture>
				<Texture name="PicRight" file="Interface\DialogFrame\choostwopics">
					<TexCoords left="0" right="1" top="0" bottom="0.5" />
					<Size>
						<AbsDimension x="256" y="128"/>
					</Size>
					<Anchors>
						<Anchor x="-15" y="-110" point="TOPRIGHT"/>
					</Anchors>
				</Texture>
				<FontString name="WelcomeHeaderText" inherits="GameFontNormal" text="Сделайте выбор">
					<Size>
						<AbsDimension x="500" y="0"/>
					</Size>
					<Anchors>
						<Anchor point="TOP">
							<Offset>
								<AbsDimension x="0" y="-29"/>
							</Offset>
						</Anchor>
					</Anchors>
				</FontString>
				<FontString name="LeftText" inherits="GameFontNormal" justifyh="LEFT" justifyv="TOP" text="|cffffffffСтандартная прокачка с 1-5 кратным ускорением набора опыта в большом открытом мире. Беготня по локациям, убийство монстров, выполнение заданий, прохождение подземелий. Обучение у учителей профессий и классовых навыков в различных городах и поселениях.|r">
					<Size>
						<AbsDimension x="240" y="0"/>
					</Size>
					<Anchors>
						<Anchor point="TOPLEFT">
							<Offset>
								<AbsDimension x="20" y="-270"/>
							</Offset>
						</Anchor>
					</Anchors>
				</FontString>
				<FontString name="RightText" inherits="GameFontNormal" justifyh="LEFT" justifyv="TOP" text="|cffffffffПрокачка с дополнительными 500% к набору опыта, но на закрытой территории. Беготня по одной локации. Убийство монстров всех уровней с 1-го по 80-й, по очереди. Обучение только классовых навыков у учителей на старте, к ним придется возвращаться пешком или через порталы каждые 10 уровней.|r|n|nФамильные вещи бесплатно на старте.">
					<Size>
						<AbsDimension x="240" y="0"/>
					</Size>
					<Anchors>
						<Anchor point="TOPLEFT">
							<Offset>
								<AbsDimension x="335" y="-270"/>
							</Offset>
						</Anchor>
					</Anchors>
				</FontString>
			</Layer>
		</Layers>
		<Frames>
			<Button name="classic" inherits="UIPanelButtonTemplate" text="Обычно">
				<Size x="120" y="30" />
				<Anchors>
					<Anchor x="80" y="100" point="BOTTOMLEFT" />
				</Anchors>
				<Scripts>
					<OnClick>
						classic_button_OnClick();
					</OnClick>
				</Scripts>
			</Button>
			<Button name="new" inherits="UIPanelButtonTemplate" text="Хиджал">
				<Size x="120" y="30" />
				<Anchors>
					<Anchor x="-80" y="100" point="BOTTOMRIGHT" />
				</Anchors>
				<Scripts>
					<OnClick>
						new_button_OnClick();
					</OnClick>
				</Scripts>
			</Button>
		</Frames>
		<Scripts>
			<OnLoad inherit="prepend">
				self:Hide();
			</OnLoad>
		</Scripts>
	</Frame>
</Ui>